prod_subs,category,labor_var,labor_fix,mfg_var,mfg_fix,prod_currency
TA,Conv,0.0263423504549036,0.286649995555571,0.239672461536352,0.194798200050122,CNY